badword,type,replacement_word,replacement_word_type
0ralseks,noun,,
oralsex,noun,intimacy,literal
0rgasms,noun,,
0rgsm,noun,,
3jakulating,verb,,
4r5e,noun,,
4r5ed,verb,,
4r5es,noun,,
4skin,noun,,
55,noun,,
5h17,noun,,
5h1t,noun,,
5kank,noun,,
69,noun,,
abbie,noun,,
abeed,verb,,
aboe,noun,,
anal,noun,,
analhole,noun,,
analhore,noun,,
analingus,noun,,
analpirate,verb,,
analplug,noun,,
analplugs,noun,,
anilingus,noun,,
animalfucker,verb,,
anus,noun,,
anusplug,noun,,
apeshit,noun,,
apeshite,noun,,
ar5e,noun,,
ar5ehole,noun,,
arse,noun,,
arsebandit,noun,,
arsebandits,noun,,
arsefuck,noun,,
arsefucker,verb,,
arsefuckers,noun,,
arsegobbler,verb,,
arsehole,noun,,
arseshagger,verb,,
arseshit,noun,,
arsewipe,noun,,
ashole,noun,,
ass,noun,backside,literal
assbandit,noun,,
asseatingboiolas,noun,,
asseatingnobjokeys,noun,,
asses,noun,,
assface,noun,,
assfck,noun,,
assfcker,verb,,
assfecker,verb,,
assfk,noun,,
assfkcer,verb,,
assfker,verb,,
assfkr,noun,,
assfook,noun,,
assfuccer,verb,,
assfuck,noun,,
assfuck3r,noun,,
assfucker,verb,,
assfuckers,noun,,
assfuckerz,noun,,
assfuckingboiolas,noun,,
assfuckingnobjokeys,noun,,
assfukah,noun,,
assfukka,noun,,
assfukker,verb,,
assfukkerz,noun,,
assfvck3r,noun,,
assfvcker,verb,,
asshat,noun,,
asshol3,noun,,
asshole,noun,,
assholefucker,verb,,
assholes,noun,,
asskisser,verb,,
asslicking,verb,,
assmunch,noun,,
assmuncher,verb,,
asswhole,noun,,
asswipe,noun,,
axewound,noun,,
azz,noun,,
azzhole,noun,,
b00bz,noun,,
b0llock,noun,,
b0llocks,noun,,
b17ch,noun,,
b1ch,noun,,
b1otch,noun,,
b1otchs,noun,,
b1tch,noun,,
b1tch1ng,noun,,
b1tch35,noun,,
b1tch3s,noun,,
b1tchees,noun,,
b1tches,noun,,
b1tchez,noun,,
b1tchin,noun,,
b1tching,verb,,
b1tchs,noun,,
b1tchy,noun,,
babybatter,verb,,
ballbag,noun,,
bangbros,noun,,
bassturd,noun,,
bastard,noun,jerk,literal
bastardish,noun,,
bastards,noun,,
basterd,noun,,
bastid,noun,,
bastinado,noun,,
basturd,noun,,
bater,verb,,
bates,noun,,
batshit,noun,,
batshite,noun,,
bbc,noun,,
beaner,verb,,
beaners,noun,,
beanqueen,noun,,
beatmymeat,noun,,
beatoff,noun,,
beatthemeat,noun,,
beatyourmeat,noun,,
beeotch,noun,,
bellend,noun,,
bender,verb,,
bewbs,noun,,
beyoch,noun,,
beyotch,noun,,
biatch,noun,,
bich,noun,,
biches,noun,,
biotch,noun,,
biotches,noun,,
biotchez,noun,,
bishes,noun,,
bitch,noun,mean person,literal
bitch3s,noun,,
bitchass,noun,,
bitchasses,noun,,
bitched,verb,,
bitcher,verb,,
bitchers,noun,,
bitches,noun,,
bitchez,noun,,
bitchfuck,noun,,
bitchhole,noun,,
bitchin,noun,,
bitching,verb,,
bitchlike,noun,,
bitchness,noun,,
bitchs,noun,,
bitchslap,noun,,
bitchtits,noun,,
bitchy,noun,,
bitchyass,noun,,
bizzach,noun,,
bj,noun,,
blacky,noun,,
blowaload,noun,,
blowjob,noun,,
blumpkinboy,noun,,
boll0ck,noun,,
bollock,noun,,
bollockchops,noun,,
bollocks,noun,,
bollocktician,noun,,
bollox,noun,,
bondage,noun,,
boner,verb,,
bonkjuice,noun,,
boobs,noun,,
booty,noun,,
breasticles,noun,,
breasts,noun,,
btch,noun,,
btotheinch,noun,,
bugger,verb,,
buggeroff,noun,,
bullshi,noun,,
bullshit,noun,nonsense,literal
bullshite,noun,,
bumbandits,noun,,
bumdriller,verb,,
bumhole,noun,,
bunghole,noun,,
buttermilk,noun,,
buttfuck,noun,,
buttfucker,verb,,
buttfuckers,noun,,
buttfuckingbandit,noun,,
butthole,noun,,
buttholeboy,noun,,
buttmunchers,noun,,
buttpirate,verb,,
bwc,noun,,
c00n,noun,,
c00nies,noun,,
c0ck,noun,,
c0ckhead,noun,,
c0cks,noun,,
c0cksuccer,verb,,
c0cksucked,verb,,
c0cksucker,verb,,
c0cksuckers,noun,,
c0x,noun,,
c0xux0r,noun,,
caaak,noun,,
caca,noun,,
cack,noun,,
cagone,noun,,
cajones,noun,,
cameljockey,noun,,
cameltoe,noun,,
carpetmuncher,verb,,
carpetmunchers,noun,,
carpetmunching,verb,,
cawk,noun,,
cawkmuncher,verb,,
cawks,noun,,
cawksucker,verb,,
ch1nk,noun,,
chesticles,noun,,
chinavirus,noun,,
chinesevirus,noun,,
chingchong,noun,,
chink,noun,person,neutral
chinky,noun,,
choadnectar,noun,,
chocha,noun,,
chokethechicken,noun,,
cholo,noun,,
clitlickers,noun,,
closetfuckhead,noun,,
clusterfuck,noun,,
clusterfucked,verb,,
clusterfucker,verb,,
clusterfucking,verb,,
clusterfucks,noun,,
cnt,noun,,
cntface,noun,,
cnts,noun,,
cnty,noun,,
cobbknobbler,verb,,
cock,noun,,
cockboy,noun,,
cockdroplets,noun,,
cockeater,verb,,
cockface,noun,,
cockgobbler,verb,,
cockh3ad,noun,,
cockhead,noun,,
cockheads,noun,,
cockhed,verb,,
cockjockey,noun,,
cockknocker,verb,,
cockless,noun,,
cocklicker,verb,,
cockmonger,verb,,
cockmunch,noun,,
cockmuncher,verb,,
cockrider,verb,,
cocks,noun,,
cockshit,noun,,
cockskin,noun,,
cocksmoker,verb,,
cocksnot,noun,,
cocksucc,noun,,
cocksuccas,noun,,
cocksuccer,verb,,
cocksuccers,noun,,
cocksuck,noun,,
cocksuckas,noun,,
cocksucked,verb,,
cocksucker,verb,,
cocksuckers,noun,,
cocksucking,verb,,
cocksuckingboiolas,noun,,
cocksuckingmothafuckers,noun,,
cocksuckingnobjokeys,noun,,
cocksucks,noun,,
cocksuk,noun,,
cocksuka,noun,,
cocksukka,noun,,
cocktease,noun,,
cocsuck,noun,,
cokmuncher,verb,,
coksucka,noun,,
coolie,noun,,
coon,noun,,
coon1es,noun,,
cooni3s,noun,,
coonie,noun,,
coonies,noun,,
coons,noun,,
coot,noun,,
cootcoot,noun,,
cooter,verb,,
cooterpuffing,verb,,
cootershooting,verb,,
cooties,noun,,
cottonpicker,verb,,
crazymofos,noun,,
crazysob,noun,,
creampie,noun,,
crotch,noun,,
crotchfiddler,verb,,
crotchy,noun,,
crow,noun,,
crows,noun,,
cuksuker,verb,,
cuksukka,noun,,
cumball,noun,,
cumdumpster,verb,,
cumgoon,noun,,
cumming,verb,,
cums,noun,,
cumslut,noun,,
cumz,noun,,
cunnilingus,noun,,
cunt,noun,rude person,contextual
cuntasaurusrex,noun,,
cuntass,noun,,
cuntbag,noun,,
cuntbollock,noun,,
cuntelope,noun,,
cuntfart,noun,,
cuntits,noun,,
cuntless,noun,,
cuntlick,noun,,
cuntlicker,verb,,
cuntlickers,noun,,
cuntlips,noun,,
cuntness,noun,,
cunts,noun,,
cunty,noun,,
cuntz,noun,,
cuunt,noun,,
cyberfck,noun,,
cyberfcks,noun,,
cyberfuccs,noun,,
cyberfucks,noun,,
cyberfucs,noun,,
cyberfukk,noun,,
cyberfukks,noun,,
cyberfvcks,noun,,
d0ggystyle,noun,,
d1ck,noun,,
d1ckhead,noun,,
d1ckheads,noun,,
d1cks,noun,,
d1cksucker,verb,,
d1cksukka,noun,,
d1ckz,noun,,
d1ldo,noun,,
dafuq,noun,,
dago,noun,,
darkass,noun,,
darkfuck,noun,,
darkie,noun,,
darkshit,noun,,
darktard,noun,,
darky,noun,,
dck,noun,,
dcks,noun,,
dickbreath,noun,,
dickface,noun,,
dickfucker,verb,,
dickgobbler,verb,,
dickhead,noun,,
dickheads,noun,,
dickjockies,noun,,
dickless,noun,,
dicklicker,verb,,
dickmilker,verb,,
dickmuncher,verb,,
dicknibbler,verb,,
dicks,noun,,
dickskin,noun,,
dickslapper,verb,,
dicksmoker,verb,,
dicksucker,verb,,
dickvag,noun,,
dickz,noun,,
diddle,noun,,
dikhead,noun,,
diks,noun,,
dild0,noun,,
dipsh1t,noun,,
dipsh1tty,noun,,
dipshat,noun,,
dipshidiot,noun,,
dipshit,noun,,
dipshite,noun,,
dipshits,noun,,
dipshitter,verb,,
dipshitty,noun,,
dipstick,noun,,
dirtysanchez,noun,,
dix,noun,,
dlck,noun,,
dlcks,noun,,
dld0,noun,,
dldo,noun,,
dogfuck,noun,,
dogfucker,verb,,
dogfucking,verb,,
doggostyle,noun,,
doggystyle,noun,,
dogiestyle,noun,,
dogsbollocks,noun,,
dogsh1t,noun,,
dogsh1ts,noun,,
dogshit,noun,,
dogshits,noun,,
dogstyle,noun,,
dolt,noun,,
dong,noun,,
doosh,noun,,
dothead,noun,,
doubledick,noun,,
doubledicking,verb,,
doubledong,noun,,
doublepen,noun,,
douche,noun,,
douchebag,noun,,
douchecanoe,noun,,
dumasses,noun,,
dumbarrassed,verb,,
dumbass,noun,,
dumbasses,noun,,
dumbassfucker,verb,,
dumbassmofoes,noun,,
dumbassmothafuckers,noun,,
dumbasssonofabitch,noun,,
dumbbastard,noun,,
dumbfucker,verb,,
dumbfucks,noun,,
dumbshit,noun,,
dumbss,noun,,
dumpaload,noun,,
dunecoon,noun,,
dyke,noun,,
erectoplasm,noun,,
f0ck,noun,,
f0cked,verb,,
f0cker,verb,,
f0ckers,noun,,
facefuck,noun,,
fack,noun,,
fackuhs,noun,,
fag,noun,,
fag0t,noun,,
fagasses,noun,,
fagbag,noun,,
faget,noun,,
fagg0t,noun,,
fagging,verb,,
faggo,noun,,
faggot,noun,,
faggoting,verb,,
faggotmofoes,noun,,
faggotmothafuckers,noun,,
faggotnobjockies,noun,,
faggotnobjokeys,noun,,
faggots,noun,,
faggotsonofabitch,noun,,
faggs,noun,,
faggy,noun,,
faghag,noun,,
fagot,noun,,
fagqueen,noun,,
fags,noun,,
fagshit,noun,,
fartfucker,verb,,
fatass,noun,,
fatasses,noun,,
fccuker,verb,,
fck,noun,,
fcka,noun,,
fckahz,noun,,
fcked,verb,,
fckedup,noun,,
fcker,verb,,
fckerbunny,noun,,
fckin,noun,,
fcking,verb,,
fckk,noun,,
fckked,verb,,
fckking,verb,,
fcks,noun,,
fcktard,noun,,
fckyeah,noun,,
fckyou,noun,,
fcuk,noun,,
fcuked,verb,,
fcuker,verb,,
fcukers,noun,,
fcuking,verb,,
fcukker,verb,,
fcuks,noun,,
fcvking,verb,,
feck,noun,,
feckarse,noun,,
fecker,verb,,
fed,verb,,
feg,noun,,
fellatioaficionado,noun,,
fellator,noun,,
fer,verb,,
fg,noun,,
fgg0t,noun,,
fgging,verb,,
fggot,noun,,
fgs,noun,,
fgshit,noun,,
fick,noun,,
finger,verb,,
fingerbanged,verb,,
fingerfuck,noun,,
fingerpop,noun,,
fk,noun,,
fkbny,noun,,
fkbunny,noun,,
fked,verb,,
fker,verb,,
fking,verb,,
fkings,noun,,
fkker,verb,,
flamer,verb,,
flamers,noun,,
focker,verb,,
fook,noun,,
fooker,verb,,
fookuh,noun,,
forked,verb,,
fothermuckers,noun,,
fuc,noun,,
fucc,noun,,
fucca,noun,,
fuccers,noun,,
fuccing,verb,,
fuccs,noun,,
fuck,noun,,
fucka,noun,,
fuckahs,noun,,
fuckarse,noun,,
fuckass,noun,,
fuckasses,noun,,
fuckaz,noun,,
fuckbag,noun,,
fuckboy,noun,,
fucked,verb,,
fuckedup,noun,,
fuckem,noun,,
fucker,verb,,
fuckeroff,noun,,
fuckers,noun,,
fuckface,noun,,
fuckfaces,noun,,
fuckgoblin,noun,,
fuckhead,noun,,
fuckheaded,verb,,
fuckheads,noun,,
fuckin,noun,,
fucking,verb,,
fuckinga,noun,,
fuckingasshole,noun,,
fuckingbastard,noun,,
fuckinghell,noun,,
fuckingme,noun,,
fuckingretard,noun,,
fuckingshit,noun,,
fuckk,noun,,
fuckless,noun,,
fuckmachine,noun,,
fucknuckle,noun,,
fuckoff,noun,,
fucks,noun,,
fuckshit,noun,,
fuckshitface,noun,,
fuckshithead,noun,,
fuckstar,noun,,
fuckster,verb,,
fuckstick,noun,,
fucktard,noun,,
fucktards,noun,,
fuckup,noun,,
fuckwad,noun,,
fuckwhore,noun,,
fucky0u,noun,,
fuckyou,noun,,
fuckyour,noun,,
fuckyourmother,verb,,
fucs,noun,,
fucx,noun,,
fudgefucker,verb,,
fudgepacker,verb,,
fudgepackers,noun,,
fudgepackershitter,verb,,
fudgepackingfucker,verb,,
fugged,verb,,
fugger,verb,,
fuggerz,noun,,
fuggings,noun,,
fugly,noun,,
fuk,noun,,
fuk1n,noun,,
fuk1ng,noun,,
fukcs,noun,,
fuker,verb,,
fukheads,noun,,
fukin,noun,,
fuking,verb,,
fukk,noun,,
fukka,noun,,
fukked,verb,,
fukker,verb,,
fukkers,noun,,
fukking,verb,,
fukkings,noun,,
fukkuh,noun,,
fuks,noun,,
fuku,noun,,
fukwhore,noun,,
fukwit,noun,,
fullofshit,noun,,
funbags,noun,,
fuq,noun,,
futhamucka,noun,,
fux,noun,,
fux0r,noun,,
fvck,noun,,
fvcka,noun,,
fvckbunny,noun,,
fvcker,verb,,
fvckers,noun,,
fvckin,noun,,
fvcking,verb,,
fvckkerbunny,noun,,
fvckwhi,noun,,
fvckyou,noun,,
fxck,noun,,
fxcked,verb,,
fxcker,verb,,
fxcking,verb,,
g0ddamn,noun,,
g0ddamned,verb,,
g0ddamnit,noun,,
gashstabber,verb,,
gayass,noun,,
gaybitch,noun,,
gayest,verb,,
gayfuck,noun,,
gayfucker,verb,,
gaylord,noun,,
gaylords,noun,,
gayness,noun,,
gayshit,noun,,
gaysian,noun,,
gaytard,noun,,
gaywad,noun,,
geebag,noun,,
getfucked,verb,,
ginjockey,noun,,
girlieboy,noun,,
girlybits,noun,,
girlyboy,noun,,
gobshite,noun,,
godamnit,noun,,
goddam,noun,,
goddammit,noun,,
goddamn,noun,,
goddamned,verb,,
goddamnit,noun,,
goddamnmothafuckers,noun,,
goddamnsonofabitch,noun,,
goddmnit,noun,,
gofuckyourself,noun,,
gook,noun,,
gotohell,noun,,
gowl,noun,,
greaser,verb,,
groid,noun,,
groper,verb,,
gyb1tch,noun,,
gylord,noun,,
gyp,noun,,
gyshit,noun,,
harrypalms,noun,,
heeb,noun,,
higg,noun,,
higg3r,noun,,
higga,noun,,
higger,verb,,
higgers,noun,,
hoar,noun,,
hoe,noun,,
hoeasses,noun,,
hoebag,noun,,
hoes,noun,,
holyfuck,noun,,
homo,noun,,
homoasses,noun,,
homos,noun,,
hooters,noun,,
horsesasses,noun,,
horseshit,noun,,
hustler,verb,,
injun,noun,,
j3rk,noun,,
ja1lbait,noun,,
jackarse,noun,,
jackass,noun,,
jackasses,noun,,
jackasss,noun,,
jackoff,noun,,
jackoffs,noun,,
jackoffz,noun,,
jagoff,noun,,
jailbait,noun,,
jailbat,noun,,
jalbait,noun,,
jap,noun,,
jerk0ff,noun,,
jerk0ffs,noun,,
jerkingoff,noun,,
jerkoff,noun,,
jerkoffjerkingoff,noun,,
jerkoffs,noun,,
jerksoff,noun,,
jewboy,noun,,
jigaboo,noun,,
jigaboos,noun,,
jigga,noun,,
jiggaboo,noun,,
jiggabooboo,noun,,
jiggaboos,noun,,
jiggabu,noun,,
jiggas,noun,,
jigger,verb,,
jiggerboo,noun,,
jiggerboos,noun,,
jiggs,noun,,
jiggyboo,noun,,
jigro,noun,,
jimcrow,noun,,
jizz,noun,,
jizzbags,noun,,
jizzeater,verb,,
jizzed,verb,,
jizzes,noun,,
jizzfucker,verb,,
jizzing,verb,,
jizzjockey,noun,,
jizzlicker,verb,,
jizzsacks,noun,,
jizzstain,noun,,
jizzy,noun,,
joffs,noun,,
k1k3,noun,,
k1ke,noun,,
kiddiddler,verb,,
kiddytouch,noun,,
kike,noun,,
kikes,noun,,
kissass,noun,,
kissmyass,noun,,
kittypuncher,verb,,
kk3,noun,,
kke,noun,,
kkk,noun,,
klan,noun,,
klitoris,noun,,
kneegrows,noun,,
knickers,noun,,
knob,noun,,
knob3d,noun,,
knob3nd,noun,,
knobd,noun,,
knobe,noun,,
knobead,noun,,
knobeads,noun,,
knobeater,verb,,
knobed,verb,,
knobeds,noun,,
knobend,noun,,
knobender,verb,,
knobends,noun,,
knobendy,noun,,
knobendz,noun,,
knober,verb,,
knobes,noun,,
knobface,noun,,
knobgobbler,verb,,
knobhead,noun,,
knobheads,noun,,
knobjockey,noun,,
knobjockies,noun,,
knobjocky,noun,,
knobjokey,noun,,
knobjokeys,noun,,
kukluxer,verb,,
kyke,noun,,
l3ich,noun,,
l3itch,noun,,
l3itches,noun,,
ladboys,noun,,
ladboyz,noun,,
ladiboy,noun,,
ladyb0i,noun,,
ladyb0y,noun,,
ladyboy,noun,,
ladyboys,noun,,
ladyboyz,noun,,
ldyb0i,noun,,
ldyb0y,noun,,
ldyboy,noun,,
lesbo,noun,,
loosewoman,noun,,
m0f0,noun,,
m0f0s,noun,,
m0fo,noun,,
m0foes,noun,,
m0fos,noun,,
m0ng0l0id,noun,,
m0ngoloid,noun,,
m0thafucked,verb,,
m0thafucker,verb,,
m0thafucking,verb,,
m0therfuckeds,noun,,
m0therfucker,verb,,
m0therfucking,verb,,
m0therfvcker,verb,,
manchowder,verb,,
manmeat,noun,,
manseed,verb,,
markasses,noun,,
masterbated,verb,,
mderfaker,verb,,
mderfuck,noun,,
mderfuckers,noun,,
meatcurtains,noun,,
meatsword,noun,,
mechafag,noun,,
megafag,noun,,
mfckers,noun,,
mfer,verb,,
mfers,noun,,
mfing,verb,,
mfk,noun,,
mfs,noun,,
mfukk,noun,,
mfukker,verb,,
milf,noun,,
mindfuck,noun,,
mof0es,noun,,
mof0s,noun,,
mofcker,verb,,
mofo,noun,,
mofoass,noun,,
mofoes,noun,,
mofos,noun,,
mofoshit,noun,,
mofuccers,noun,,
mofucckers,noun,,
mofuck,noun,,
mofucker,verb,,
mofuckkas,noun,,
mofuk,noun,,
mofukkas,noun,,
molester,verb,,
mong,noun,,
mongoloid,noun,,
mongrel,noun,,
mothafcked,verb,,
mothafcking,verb,,
mothafucc,noun,,
mothafucced,verb,,
mothafuccer,verb,,
mothafuccing,verb,,
mothafuck,noun,,
mothafucka,noun,,
mothafuckas,noun,,
mothafuckasses,noun,,
mothafuckaz,noun,,
mothafuckazzes,noun,,
mothafucked,verb,,
mothafuckeds,noun,,
mothafucker,verb,,
mothafuckers,noun,,
mothafuckin,noun,,
mothafucking,verb,,
mothafuckings,noun,,
mothafuckins,noun,,
mothafucks,noun,,
mothafuckz,noun,,
mothafvcked,verb,,
mothercker,verb,,
mothereffer,verb,,
motherfacking,verb,,
motherfcked,verb,,
motherfckin,noun,,
motherfcking,verb,,
motherfcks,noun,,
motherfckshit,noun,,
motherfecka,noun,,
motherfecker,verb,,
motherfk,noun,,
motherfkka,noun,,
motherfucca,noun,,
motherfuccas,noun,,
motherfuccers,noun,,
motherfuck,noun,,
motherfucka,noun,,
motherfucked,verb,,
motherfuckeds,noun,,
motherfucker,verb,terrible person,literal
motherfuckers,noun,,
motherfuckin,noun,,
motherfucking,verb,,
motherfuckings,noun,,
motherfuckingshit,noun,,
motherfuckins,noun,,
motherfuckka,noun,,
motherfuckkas,noun,,
motherfuckkers,noun,,
motherfucks,noun,,
motherfuckyou,noun,,
motherfukka,noun,,
motherfukker,verb,,
motherfukkings,noun,,
motherfvck,noun,,
motherfvcked,verb,,
motherfvckeds,noun,,
motherfvcker,verb,,
motherfvckers,noun,,
motherfvcking,verb,,
motherfxck,noun,,
motherfxcking,verb,,
mothfck,noun,,
mothterfuck,noun,,
mtherfuker,verb,,
mthrfcker,verb,,
muddafukkas,noun,,
mudderfuk,noun,,
mudderfukker,verb,,
mufdive,noun,,
mufdivin,noun,,
muff,noun,,
muffdiving,verb,,
muffdivings,noun,,
muffindivin,noun,,
muffindiving,verb,,
muhfucking,verb,,
mushroomtip,noun,,
muthafecker,verb,,
muthafeckers,noun,,
muthafucka,noun,,
muthafucker,verb,,
muthafuckers,noun,,
muthafuckings,noun,,
muthafuckker,verb,,
muthafuckkers,noun,,
muthafukka,noun,,
mutherfucker,verb,,
mutherfuckers,noun,,
n0bhead,noun,,
n0bj0cky,noun,,
n1ckker,verb,,
n1g3r,noun,,
n1g3rz,noun,,
n1gg,noun,,
n1gg3r,noun,,
n1gg3rs,noun,,
n1gga,noun,,
n1ggah,noun,,
n1ggahs,noun,,
n1ggas,noun,,
n1ggazes,noun,,
n1gger,verb,,
n1ggers,noun,,
n1gghs,noun,,
n1gguh,noun,,
n3gro,noun,,
negga,noun,,
neggar,noun,,
negr0,noun,,
negro,noun,,
negroes,noun,,
negroid,noun,,
niccer,verb,,
nicka,noun,,
nickas,noun,,
nicker,verb,,
nickk3r,noun,,
nickker,verb,,
nig,noun,,
niga,noun,,
nigah,noun,,
nigasses,noun,,
nigers,noun,,
nigg,noun,,
nigg3r,noun,,
nigg3rs,noun,,
nigg4h,noun,,
nigg4hs,noun,,
nigga,noun,,
niggah,noun,,
niggahs,noun,,
niggahz,noun,,
niggalover,verb,,
niggas,noun,,
niggass,noun,,
niggaz,noun,,
niggazzes,noun,,
nigger,verb,person,neutral
niggerlover,verb,,
niggers,noun,,
niggerz,noun,,
nigghs,noun,,
niggir,noun,,
niggress,noun,,
niggs,noun,,
nigguh,noun,,
nigguhs,noun,,
nigguhz,noun,,
niggz,noun,,
niggzzes,noun,,
niglet,noun,,
nignigs,noun,,
nignog,noun,,
nigra,noun,,
nigre,noun,,
nigs,noun,,
niguh,noun,,
nikk3r,noun,,
nikkas,noun,,
nikker,verb,,
nip,noun,,
nobbyhead,noun,,
nobhead,noun,,
nobheads,noun,,
nobj0key,noun,,
nobjockey,noun,,
nobjockies,noun,,
nobjocky,noun,,
nobjokey,noun,,
nobjokeys,noun,,
nobs,noun,,
nonce,noun,,
nuckas,noun,,
nuggets,noun,,
nutbutter,verb,,
nutsack,noun,,
nutsacks,noun,,
nympho,noun,,
nymphomaniac,noun,,
octopussy,noun,,
ovendodger,verb,,
p3n1shead,noun,,
p3nisfcker,verb,,
p3nisfcukers,noun,,
p3nisfvcker,verb,,
p3nisfvckers,noun,,
packerfudgehead,noun,,
packingfudge,noun,,
packingfudgefucker,verb,,
packingfudgefucking,verb,,
packingfudgehead,noun,,
packmyfudge,noun,,
packsomefudgefucker,verb,,
paki,noun,,
palmjockey,noun,,
pancakeface,noun,,
pecker,verb,,
peckerhead,noun,,
pedo,noun,,
pedobear,noun,,
pedobears,noun,,
pedophl,noun,,
pedos,noun,,
pedoz,noun,,
peen,noun,,
peener,verb,,
penisfcker,verb,,
penisfuccer,verb,,
penisfucker,verb,,
penisfuckers,noun,,
penisfvcker,verb,,
penisfvckers,noun,,
penishead,noun,,
peter,verb,,
peterpuffer,verb,,
phaggot,noun,,
phaggots,noun,,
phagot,noun,,
phags,noun,,
phggots,noun,,
phuc,noun,,
phucc,noun,,
phuccer,verb,,
phucchead,noun,,
phuccing,verb,,
phuck,noun,,
phuck3r,noun,,
phucked,verb,,
phucker,verb,,
phuckin,noun,,
phucking,verb,,
phuckings,noun,,
phucks,noun,,
phucup,noun,,
phuk,noun,,
phuked,verb,,
phukeds,noun,,
phukhead,noun,,
phuking,verb,,
phukings,noun,,
phukk,noun,,
phukked,verb,,
phukkeds,noun,,
phukker,verb,,
phukking,verb,,
phuks,noun,,
phukshit,noun,,
phuku,noun,,
phukup,noun,,
phuq,noun,,
phuqs,noun,,
phvckings,noun,,
pigfucker,verb,,
pigfuckers,noun,,
pigfucking,verb,,
pigfukker,verb,,
piggyfuck,noun,,
pigshit,noun,,
pillowbiter,verb,,
pissface,noun,,
pissoff,noun,,
pissofffuckhead,noun,,
pissoffs,noun,,
pissshit,noun,,
polelicker,verb,,
polesmoker,verb,,
polesucker,verb,,
porchmonkey,noun,,
prick,noun,,
prickface,noun,,
prickgobbler,verb,,
prickhead,noun,,
pricks,noun,,
pu55y,noun,,
pullthepud,noun,,
punani,noun,,
punkasses,noun,,
punkassmofoes,noun,,
puss,noun,,
pusses,noun,,
pussie,noun,,
pussies,noun,,
pussless,noun,,
pusslicker,verb,,
pussy,noun,,
pussycat,noun,,
pussyfucker,verb,,
pussylick,noun,,
pussylicker,verb,,
pussylickers,noun,,
pussylicking,verb,,
pussys,noun,,
pussywhipped,verb,,
pusy,noun,,
puta,noun,,
puussy,noun,,
puzzies,noun,,
puzzy,noun,,
queerasses,noun,,
queers,noun,,
r3tard,noun,,
r3trd,noun,,
r3trded,verb,,
raghead,noun,,
ragheads,noun,,
ragtard,noun,,
ramrod,noun,,
ratbastard,noun,,
ratbaztad,noun,,
reacharound,noun,,
rectum,noun,,
redskin,noun,,
retard,noun,,
retardo,noun,,
retardotron,noun,,
ricemonkey,noun,,
rimjob,noun,,
sack,noun,,
saladtosser,verb,,
sambo,noun,,
sandnigger,verb,,
sausagejockey,noun,,
scamfuck,noun,,
schlong,noun,,
scumfuck,noun,,
scumfucker,verb,,
scumfvck,noun,,
scummy,noun,,
scut,noun,,
sh,noun,,
sh1s,noun,,
sh1t,noun,,
sh1t3,noun,,
sh1td1ck,noun,,
sh1tdick,noun,,
sh1te,noun,,
sh1tfuck,noun,,
sh1th3ad,noun,,
sh1theads,noun,,
sh1ts,noun,,
sh1tsome,noun,,
sh1tt,noun,,
sh1tty,noun,,
sh3mal3,noun,,
sh3male,noun,,
shat,noun,,
sheeeet,noun,,
sheet,noun,,
sheister,verb,,
shemal3,noun,,
shemale,noun,,
shemales,noun,,
shet,noun,,
shi,noun,,
shiat,noun,,
shiddick,noun,,
shie,noun,,
shiester,verb,,
shiesterfuck,noun,,
shiesterfuckface,noun,,
shiesterfuckhead,noun,,
shiesterfucks,noun,,
shipdit,noun,,
shis,noun,,
shit,noun,crap,euphemism
shit3,noun,,
shitarse,noun,,
shitass,noun,,
shitasses,noun,,
shitassfucker,verb,,
shitassfuckface,noun,,
shitbag,noun,,
shitbandit,noun,,
shitbird,noun,,
shitblimp,noun,,
shitblimps,noun,,
shitbrain,noun,,
shitd1ck,noun,,
shitdick,noun,,
shitdicks,noun,,
shitdikk,noun,,
shitdip,noun,,
shite,noun,,
shiteblimps,noun,,
shited,verb,,
shitedick,noun,,
shitefuck,noun,,
shitefulls,noun,,
shitehead,noun,,
shites,noun,,
shitey,noun,,
shitface,noun,,
shitfaced,verb,,
shitfacefuck,noun,,
shitfacefucker,verb,,
shitfck,noun,,
shitfk,noun,,
shitforbrains,noun,,
shitfreak,noun,,
shitfuck,noun,,
shitfucker,verb,,
shitfuckhead,noun,,
shitfuckmotherfucker,verb,,
shitfucks,noun,,
shitfudgefucker,verb,,
shitfvck,noun,,
shithead,noun,,
shitheadfucker,verb,,
shitheadfuckface,noun,,
shitheads,noun,,
shithole,noun,,
shitlicker,verb,,
shits,noun,,
shitsdick,noun,,
shitsfuck,noun,,
shitsful,noun,,
shitstain,noun,,
shitstuffers,noun,,
shittastic,noun,,
shittasticfuck,noun,,
shitte,noun,,
shitted,verb,,
shitter,verb,,
shitterfucker,verb,,
shitti,noun,,
shitties,noun,,
shittiest,verb,,
shitting,verb,,
shittings,noun,,
shitty,noun,,
shittydick,noun,,
shittydicks,noun,,
shittyfuck,noun,,
shittyfuckface,noun,,
shittyful,noun,,
shittymofoes,noun,,
shiy,noun,,
shlong,noun,,
shmale,noun,,
shtfuk,noun,,
shutthefuckup,noun,,
shylock,noun,,
shytfeisterfuck,noun,,
sissy,noun,,
sixtynine,noun,,
skank,noun,,
skanks,noun,,
skanky,noun,,
skankz,noun,,
sknks,noun,,
sknky,noun,,
sknkz,noun,,
slag,noun,,
slantard,noun,,
slanteye,noun,,
slanteyeb1tch,noun,,
slanteyes,noun,,
slanteyeshit,noun,,
slantfreak,noun,,
slanty,noun,,
slit,noun,,
slnteye,noun,,
slut,noun,promiscuous person,literal
sluthole,noun,,
sluts,noun,,
slutty,noun,,
sm,noun,,
snatch,noun,,
snatchlicker,verb,,
soab,noun,,
sob,noun,,
sobs,noun,,
sonnabitch,noun,,
sonobitch,noun,,
sonofabitch,noun,,
sonofbitches,noun,,
sonsofb1tches,noun,,
sonsofbitches,noun,,
sonzofbitchez,noun,,
soppybollucks,noun,,
spanking,verb,,
sperm,noun,,
sphincter,verb,,
spic,noun,,
spicfuck,noun,,
spick,noun,,
spics,noun,,
spicshit,noun,,
spig,noun,,
spik,noun,,
spix,noun,,
spook,noun,,
spooks,noun,,
spunk,noun,,
ssfcker,verb,,
ssfucker,verb,,
ssfvcker,verb,,
sshole,noun,,
stfu,noun,,
stumpchewer,verb,,
stupidasses,noun,,
stupidfucker,verb,,
stupidhoe,noun,,
suck,noun,,
suckmycock,noun,,
suckmyd,noun,,
suckmydick,noun,,
suckoff,noun,,
sumbitch,noun,,
sumofabitch,noun,,
swine,noun,,
swinefucker,verb,,
tacohead,noun,,
tadger,verb,,
takingthepiss,noun,,
tallywacker,verb,,
tarbaby,noun,,
tard,noun,,
tardasses,noun,,
tart,noun,,
throater,verb,,
throatyogurt,noun,,
ticklethepickle,noun,,
timbernigger,verb,,
tits,noun,,
tonguefucker,verb,,
tonguefucking,verb,,
tosser,verb,,
tossingsalad,noun,,
towelhead,noun,,
towelheads,noun,,
towelshithead,noun,,
tramp,noun,,
tranny,noun,,
transvestite,noun,,
trashb1tch,noun,,
trashbitch,noun,,
trashbitches,noun,,
trashbitchez,noun,,
trashbtch,noun,,
trasherbitch,noun,,
trasherbitchs,noun,,
trashybitches,noun,,
trousersnake,noun,,
turdcutter,verb,,
turdhead,noun,,
twa,noun,,
twat,noun,,
twatface,noun,,
twats,noun,,
twatt,noun,,
twattish,noun,,
twatwaffle,noun,,
twatzilla,noun,,
twink,noun,,
twt,noun,,
upskirts,noun,,
uselessfucker,verb,,
vag,noun,,
vajayjay,noun,,
vulva,noun,,
w4nk3r,noun,,
w4nker,verb,,
wang,noun,,
wangwrangler,verb,,
wank,noun,,
wank3r,noun,,
wank3rs,noun,,
wankbastard,noun,,
wanked,verb,,
wanker,verb,,
wankers,noun,,
wankies,noun,,
wanking,verb,,
wankoff,noun,,
wanks,noun,,
we1back,noun,,
weenie,noun,,
weiner,verb,,
wetback,noun,,
wetbacks,noun,,
wh0r3,noun,,
wh0re,noun,,
whackoff,noun,,
whatthefuck,noun,,
whoar,noun,,
whoars,noun,,
whor3,noun,,
whore,noun,sex worker,literal
whores,noun,,
wigger,verb,,
willywhacker,verb,,
windowlicker,verb,,
wiseass,noun,,
wnker,verb,,
wnkers,noun,,
wop,noun,,
wophead,noun,,
zipinthewire,noun,,
zipperhead,noun,,
